name,phone number
John Cline,251-690-503
Malaki Glenn,322-337-492
Julie Pitts,756-914-220
Samanta Marks,363-663-339
Maisie Salgado,861-184-838
Dawid Christie,647-692-563
Arwa Hough,424-518-374
Jadene England,555-268-207
Kenya Doyle,396-953-164
Alanna Seymour,548-897-478
Enzo Peters,757-366-833
Matthew Duffy,154-559-231
Steve Vickers,740-619-628
Viktor Guest,283-251-589
Lucia Maldonado,393-474-577
Debra Zavala,450-117-267
Rufus Holloway,997-846-828
Ferne Villanueva,990-798-510
Malachi Stone,131-163-912
Rikki Orr,799-583-376
Faiza Frame,616-159-181
Kristy Edwards,139-810-538
Melissa Richardson,604-179-726
Ursula Cooke,216-887-689
Ryker Watts,849-549-161
Kitty Battle,191-453-903
Sara Colley,772-435-195
Emelie Oliver,300-824-114
Wayne Hamilton,150-383-460
Mya Jenkins,879-283-104
Lylah Beil,540-114-530
Manveer Villegas,363-925-544
Eboni Dodd,667-118-507
Zahra Knowles,729-643-425
Marcie Dotson,629-384-253
Joanna Hamer,976-502-111
Reema Wills,652-762-542
Devante Mathis,577-372-858
Ammaar Chester,136-157-412
Emaan Morrison,859-703-778
Sulaiman Horner,672-876-769
Jeremiah Solis,681-402-521
Samara Hackett,846-230-527
Briana Torres,315-727-998
Beatrice Michael,605-442-732
Amari Malone,682-975-424
Christopher Nava,728-960-311
Anoushka Spence,845-142-784
Sahar Bennett,853-428-669
Lily-Ann Neville,486-237-424
Zakary House,244-299-887
Mamie Pearce,385-583-265
Dahlia Quinn,188-660-942
Geraint Mason,198-654-225
Xavier Hansen,940-814-103
Areeba Delacruz,533-410-221
Karen Burn,432-808-578
Marsha Lozano,320-106-391
Bradleigh Krueger,847-646-257
Elaine Kane,924-124-347
Catherine Mcfarlane,831-691-447
Buster Curran,908-587-847
Emmanuel Rios,322-217-638
Reis Hutchinson,730-647-944
Simran Parker,104-722-345
Daanish Barton,655-312-711
Ryder Flower,408-727-918
India Bloggs,630-819-506
Zena Webb,865-914-796
Nadine Wu,804-929-220
Isla-Mae Lott,782-257-544
Tania Keeling,230-517-323
Arthur Dunlap,435-967-506
Rebekah Lovell,496-858-431
Elen Almond,850-267-327
Amaan Halliday,425-449-272
Shakil Barclay,392-796-948
Thea Stevens,302-542-560
Alessandra Acevedo,943-390-852
Jamelia Ruiz,438-211-141
Reginald Marquez,142-110-585
June Harding,173-668-523
Safa Crosby,271-467-675
Ibrahim Greaves,287-927-273
Shakir Li,574-398-719
Amar Perez,418-343-486
Rohit Rosa,901-809-558
Elspeth Callahan,249-566-762
Harry Tran,794-372-272
Roberta Mclaughlin,583-674-261
Ashwin Foster,314-764-146
Tracy Rush,268-643-264
Emmett Camacho,778-192-443
Aneurin Love,327-341-435
Eryn Howarth,216-622-544
Zac Mosley,300-804-810
Tonicha Cordova,248-688-698
Tasnim Davey,263-149-973
Aubree Buck,580-827-939
Aleeza Goldsmith,902-607-703
Ananya Herring,492-817-206
Nicolas William,138-499-751
Korben Moss,588-858-341
Miruna Brookes,571-935-642
Abul Howard,195-745-984
Anoushka David,986-320-579
Kaci Wise,320-107-561
Zain Krause,930-855-335
Hailie Byrne,717-128-170
Darcey Prentice,989-320-551
Leon Watt,543-101-829
Humaira Quinn,429-172-272
Pranav Nash,584-407-637
Conner Bowden,357-531-493
Kamron Horn,117-184-335
Jett Haney,127-213-174
Rikki Ventura,922-801-292
Barney Carlson,345-296-225
Taliah Thorpe,357-329-342
Ifan Murray,228-644-353
Zander Philip,950-225-437
Zaynah Palacios,798-404-713
Gladys Huber,600-647-645
Flora Ewing,204-295-966
Ariah Harrington,150-944-147
Soraya Boyd,603-830-348
Bluebell Valencia,571-658-281
Avaya Mcgregor,497-231-623
Darsh Paine,691-876-186
Safah Hutchinson,510-649-431
Graham Garcia,980-542-619
Keeva Jordan,755-393-509
Cienna Osborn,650-950-697
Amani Reader,603-235-115
Mario Bryant,995-170-838
Zohaib Santana,226-514-662
Jamil Hardy,584-608-578
Kamran Erickson,560-717-351
Stevie Gross,631-755-670
Rudra Hope,375-641-361
Imran Shea,144-757-615
Antony Travis,791-642-197
Bernard Powell,748-579-989
Lex Lindsay,761-373-869
Sarah Kenny,953-908-808
Sumayyah Holding,681-386-504
Tiegan Wade,612-542-147
Arran Klein,222-642-376
Kirsten Donnelly,569-783-941
Kynan Couch,661-925-928
Lilliana Sanchez,137-945-586
Amina Wallis,481-928-378
Luci Fischer,635-545-429
Marwan Robin,784-139-185
Tyreece Hays,960-567-363
Jarrod Larsen,128-604-695
Juniper Fraser,730-810-521
Jamie-Lee Hume,583-102-966
Fynn Barr,407-803-563
Lorelei Rollins,656-601-799
Conna Douglas,788-570-186
Axel Mcfarland,903-992-817
Inez Davila,137-736-202
Taha Mueller,501-467-943
Kya Ellwood,581-252-136
Arnas Mccaffrey,269-544-916
Amelia Fulton,760-167-401
Haley Thomson,198-107-255
Cyrus Mcdaniel,750-873-995
Darla Nava,966-748-605
Zach Tran,358-653-445
Gurleen Corrigan,199-396-254
Robyn Craft,692-587-202
Mackenzie Ashley,826-989-223
Anna Lyon,364-492-929
Aryaan Meyers,226-563-336
Yuvaan Porter,671-701-347
Mariah Costa,179-874-901
Indigo Perkins,227-710-605
Aaminah Myers,685-939-893
Owain Gilmore,643-787-187
Bianka Haigh,588-241-123
Esther Robles,799-543-707
Fay Needham,195-638-639
Raul Alfaro,529-569-491
Lochlan Mellor,669-539-469
Fintan Lang,211-990-477
Steffan Diaz,160-993-661
Olli Mackie,292-604-581
Konnor Millington,616-695-192
Madeline Romero,836-924-434
Caolan Gibson,127-314-221
Yahya Beach,458-949-782
Talitha Nelson,301-896-780
Vicky Hughes,180-976-192
Maverick Dalby,520-753-854
Mylie Beattie,638-964-410
Tasnim Meadows,179-679-780
Lauren Lara,443-189-459
Valentino Hook,339-227-899
Conor Burton,756-305-580
Antoni Mathews,308-206-684
Josh Mccaffrey,171-806-402
Marco Parks,469-728-227
Shania Cross,345-133-660
Yu Chang,808-120-958
Kwabena Parkes,428-125-253
Ismail Mendoza,498-495-976
Imran Mays,283-440-905
Ebony Dunlap,388-460-244
Markus Jimenez,351-152-317
Tye Baker,377-567-341
Yahya Moreno,932-254-806
Jaskaran Alvarado,524-186-385
Jose Boyd,369-309-528
Nala Stanley,495-999-237
Najma Galvan,382-802-387
Lilly Jordan,638-223-246
Fergus Andrade,461-875-401
Merlin Appleton,479-325-103
Carolina Partridge,549-246-458
Isla-Grace Adam,958-389-931
Bentley Bloom,513-743-656
Constance Alcock,321-765-187
Reo Burrows,453-547-394
Brendon Daniel,189-894-188
Arnas Mcmanus,374-840-935
Rhydian Carlson,648-769-482
Ashley Akhtar,353-430-714
Bradley Page,722-656-757
Frances Mcbride,655-416-192
Gage Beach,936-807-215
Theodore Lindsey,608-534-124
Kelsey Allman,768-455-806
Hudson Collins,572-886-714
Sade Drummond,429-508-829
Marnie Norton,775-478-529
Arianna Patterson,580-601-835
Azaan Barber,122-622-110
Rianne William,374-181-996
Rudra Neale,607-417-400
Augustus Daniels,464-115-366
Liyah Allan,883-718-109
Katya Simons,937-299-249
Shelley Truong,678-913-198
Clarissa Hewitt,690-181-589
Nikita Beattie,572-998-147
Rhia Kumar,773-821-137
Kristina Mcgregor,631-874-250
Leja Crowther,744-763-239
Kade Mcnamara,708-925-585
Mahir Tran,756-264-801
Ammara Shaffer,877-588-668
Sally Marin,332-985-438
Jordana Maxwell,230-287-813
Michele Michael,192-545-343
Lilly-Mai Pate,157-600-527
Larissa Bellamy,166-994-356
Sofija Mcleod,492-773-480
Lily-Mai Walls,691-820-158
Moesha Garcia,646-841-517
Shay Perkins,818-994-424
Yasmeen Neal,197-993-743
Aaryan Portillo,523-364-270
Clive Watson,503-630-194
Star Allison,178-634-801
Bibi Lees,876-649-410
Delilah Cervantes,800-911-307
Amrit Leonard,916-520-241
Amir Parra,926-777-397
Hina Richardson,699-343-530
Amiyah Spears,288-911-832
Devonte Avery,187-613-282
Diya Duke,449-975-571
Aden Valencia,887-942-754
Muneeb Drake,556-213-504
Zunairah Deacon,315-548-368
Chanelle Cummings,587-777-835
Ryker Mcgrath,259-277-682
Kaelan Searle,184-860-496
Eesa Middleton,453-824-161
Samah Ramos,891-950-572
River Arellano,805-527-215
Jae Correa,994-998-405
Colette Park,813-153-991
T-Jay Lutz,444-842-371
Kiaan Montgomery,694-208-737
Maciej Howard,518-864-845
Komal Duffy,468-781-567
Gail Ferrell,205-275-218
Gracie-May Lyons,934-116-101
Aaliya Yates,259-924-520
Halima Thorne,697-440-240
Tymoteusz Martinez,554-174-866
Johnnie Witt,231-239-419
Hamaad Haney,422-224-707
Lily-Rose Potts,593-948-485
Ariana Moyer,908-303-472
Aria Salinas,488-798-656
Kynan Roach,120-317-572
Riley-James Nash,158-705-923
Rohaan Shaffer,142-422-597
Balraj Greaves,208-257-576
Taylah Hussain,215-902-127
Billie-Jo Estes,907-934-864
Hisham Mackie,237-855-740
Felicia Benjamin,128-886-181
Siena Mcloughlin,736-526-613
Emilia Price,428-471-117
Daphne Waller,877-271-679
Jannah Anthony,787-329-793
Francis Keenan,334-537-258
Ayoub Stott,418-837-571
Manveer Mcfadden,756-691-432
Christopher Berg,483-986-663
Delia Healy,209-507-680
Gianluca Davila,191-240-673
Jeffery Schneider,875-158-301
Aiyla Peterson,225-565-749
Roza Mccoy,633-476-975
Cataleya Hogan,229-889-566
Yousef Mohamed,405-196-127
Muhammad May,361-930-678
Alysha Reid,807-608-258
Poppie Allison,162-825-377
Vera Dowling,878-501-363
Ayva Gross,162-795-833
Nafisa Stacey,235-752-501
Eric Hume,531-217-638
Kenan Chaney,185-806-470
Deon Whittaker,757-595-805
Adnaan Bains,460-214-520
Duke Cohen,581-944-136
Adrian Lindsey,283-342-577
Amy-Louise Rocha,933-508-718
Freya Booker,925-157-820
Rochelle Duke,392-470-214
Roberto Boyer,817-603-950
Jaxx Downs,947-587-705
Zahara Whelan,526-202-824
Kaylee Hayward,513-799-933
Mica Quintero,532-867-243
Sienna Fischer,487-977-758
Ava-Mai Aguirre,360-249-757
Frida Bloom,277-438-626
Myron Knapp,438-711-299
Esmae Philip,865-456-540
Manpreet Ali,939-397-269
Sam Lamb,348-919-274
Ruben Plant,312-918-676
Kaylan Knights,235-254-867
Jules Hodges,150-703-931
Ivo Garcia,728-919-790
Alton Kaur,426-712-336
Ranveer Chadwick,724-495-696
Rio Childs,652-864-256
Jez Yoder,996-348-182
Aliza Calvert,784-874-412
John-James Alvarado,214-943-608
Kaydee Stephenson,374-256-663
Jimi Galindo,681-720-387
Olivia Lloyd,268-189-769
Dayna Bryan,213-623-240
Romeo Rhodes,722-328-271
Leigha Dawe,464-518-375
Faizan Golden,663-463-528
Loretta Wagner,453-922-394
Antoinette Wilkins,281-572-959
Haya Stephens,257-401-550
Simrah Payne,575-265-924
Rizwan Marshall,144-756-369
Kobi Hopper,922-800-154
Sameera Crowther,678-337-856
Ariel Brady,396-516-434
Gurveer Travis,625-285-942
Rhyley Lozano,114-688-199
Jena Manning,386-337-365
Kyan Glass,163-488-923
Imaad Ferrell,276-504-569
Mai Alford,220-252-114
Clare Nichols,434-943-780
Rees Howarth,665-581-995
Tehya Clifford,457-888-729
Lidia Montoya,310-742-243
Shereen Sharma,444-601-342
Zachariah Oneil,957-690-165
Koby Bailey,135-216-902
Sally Evans,238-144-373
Amalie Gardiner,669-687-378
Margaret Delaney,261-315-943
Anabella Norris,934-124-711
Nathanial Cantrell,667-950-470
Euan Poole,729-367-257
Helen Pritchard,642-384-779
Jensen Croft,695-766-655
Hadley Mcnamara,130-323-316
Katie Donald,425-634-706
Irving Esquivel,608-229-920
Lorelei Kaye,270-175-309
Jozef Clegg,462-170-850
Lorenzo Boyer,832-704-730
Daanish Hebert,910-918-883
Cory Bonner,252-969-302
Junaid Dudley,377-180-211
Muskaan Watts,657-144-352
Kailum Sweeney,983-906-126
Montgomery Gilmore,359-451-643
Belinda Wolfe,396-736-900
Aanya Byrd,363-101-934
Neo Stuart,904-342-192
Arran Gamble,366-656-338
Kaiser Galindo,246-751-841
Shiv Wu,882-959-350
Tala Chaney,350-428-579
Harmony Harrington,655-445-278
Ioana Pennington,852-394-121
Alessandro Cabrera,189-882-571
Usama Melton,833-947-305
Rhea Devine,273-523-763
Mylee Blaese,219-857-752
Peyton Osborne,406-986-597
Lorna Bartlett,970-526-472
Hammad James,553-731-953
Merlin Wooten,496-859-432
Erin Alvarez,748-593-905
Alexie Chambers,773-646-389
Cora Ramirez,129-732-398
Mandeep Rodrigues,690-557-244
Katarina Dodson,576-920-620
Jemimah Davis,587-932-829
Joanne Stephens,739-404-216
Emmeline Pace,294-188-668
Nour Boyle,194-649-152
Imaani Tyler,160-798-807
Archibald Schmitt,944-735-497
Cristian Kirkpatrick,271-993-254
Luis Bowman,353-388-115
Zofia Hoover,953-259-737
Hisham Mathews,257-944-820
Jane Millar,864-907-241
Brady Worthington,318-181-778
Una Arias,765-773-784
Sanna Hutchings,794-700-431
Maizie Foley,335-919-143
Shaquille Beck,142-621-681
Ria Briggs,985-684-729
Asher Collins,560-206-749
Tyreece Kline,610-836-401
Jennifer Crosby,978-651-892
Adeel Rice,339-924-858
Christina Morgan,423-211-799
Nur Payne,750-914-769
Shaan Heaton,611-362-993
Tulisa Alexander,458-635-935
Abdur Keith,169-388-882
Roxanne Samuels,503-249-525
Tamera Salinas,882-367-465
Kiki Lowry,589-838-690
Yaseen Oneil,712-905-446
Codie Mccoy,976-302-240
Gabrielle Galloway,239-520-559
Della Preston,736-290-205
Naeem Roman,502-471-369
Millicent Watkins,597-490-278
Lori Campos,165-479-688
Safa Franklin,241-920-218
Marianne Holmes,354-959-455
Noor Davidson,219-876-327
Conall Reid,732-673-183
Amisha Clarkson,652-228-518
Usamah Dillon,100-738-320
Axl Stevens,436-171-103
Debra Moss,719-670-286
Marlie Doherty,522-395-759
Jadon Hawkins,125-561-170
Kayden Sparks,825-444-862
Yousaf Kavanagh,361-522-817
Taiba Patterson,557-446-796
Jesse Sanders,757-689-679
Terrell Castro,239-521-296
Laila Lim,536-823-839
Alysha Fitzpatrick,530-315-102
Percy Ramsay,933-174-152
Dawood Gillespie,396-402-579
Dilara Betts,120-684-754
Trinity Nicholson,312-714-870
Emmanuella Britton,897-572-568
Nyle Hogg,843-255-291
Pranav Wallace,715-335-520
Arlene Thompson,148-105-108
Sharon Michael,743-341-389
Hakeem Dixon,334-674-320
Lucca Blackwell,323-608-975
Reyansh Donaldson,900-779-624
Saffa Vu,335-728-132
Eleanor Amin,750-350-225
Isma Moore,279-482-279
Macy Grainger,867-848-884
Zaydan Khan,439-428-740
Nida Norris,932-117-182
Ibraheem Hutton,307-183-191
Kalum Murray,799-929-868
Lily-Ann Cassidy,206-916-562
Judy Olson,793-122-267
Elias Lin,531-100-132
India Madden,354-491-726
Syed Huff,282-133-845
Bernice Blevins,397-765-585
Moshe Humphrey,515-743-557
Abdullah Naylor,260-851-136
Amber Howe,359-501-768
Kara Whittaker,872-623-810
Sama Spencer,117-662-848
Bonita Fitzgerald,881-326-245
Elinor Sullivan,507-634-469
Kelis Hagan,988-576-408
Nina Dean,747-688-541
Faizaan Barnard,718-698-113
Tye Jefferson,791-708-382
Mikail Corona,445-895-113
Kaan Firth,677-880-850
Simran Ridley,691-772-479
Jemma Carrillo,943-755-247
Blanka Black,699-513-197
Cieran Pickett,962-113-103
Mila-Rose Fowler,664-352-482
Izabel Squires,355-875-326
Rebecca Frank,289-709-263
Ishaaq Fenton,685-744-897
Dilan Khan,142-612-146
Keelan Whitfield,227-249-431
Balraj Marriott,432-258-975
Louisa Tran,183-813-219
Saxon Schneider,678-151-290
Manuel Klein,876-968-954
Jonty Finnegan,753-433-167
Aras Hume,559-358-335
Madison Vu,789-892-948
Jena Donaldson,666-927-916
Aleksander Kaufman,975-706-706
Miguel Amos,887-605-906
Leoni Dyer,735-268-299
Connor Cantrell,776-878-837
Vicki Brown,192-699-646
Conah Childs,946-408-322
Aman Gibbs,940-870-263
Sid Woolley,651-846-608
Lynsey Montes,133-785-367
Mea Lindsey,671-186-845
Chelsey James,265-960-183
Prisha Keeling,630-199-703
Bella-Rose Clarke,326-286-956
Lani Ross,439-489-392
Cruz Greenaway,186-259-507
Fraya Dorsey,610-114-970
Lucas Bush,258-331-158
Kayne Peck,295-795-286
Reem Gentry,299-594-542
Braden Wise,889-391-476
Avni Davie,988-294-365
Jedd Bassett,290-751-104
Junior Whitney,427-385-296
Imran Conway,174-371-592
Brayden Allen,114-702-606
Hammad Curry,358-578-792
Wayne Jones,800-185-309
Charles Gallegos,470-967-985
Jodie Galloway,374-483-292
Mayur Spence,415-877-388
Barnaby Daly,522-507-660
Yousuf Floyd,277-228-585
Alexandru Knott,254-750-936
Ana Whiteley,550-250-810
Isla-Rae Landry,496-941-776
Diogo Wharton,944-537-679
Alfred May,223-699-910
Kristie Holder,269-263-281
River Duffy,501-867-693
Arwen Molina,248-286-545
Rajan Crouch,408-347-195
Isobelle Busby,130-200-325
Clara Brookes,846-989-888
Nojus Booth,766-157-714
Cecily Paul,828-582-952
Zayden Donnelly,288-283-167
Zeenat Haley,612-696-748
Ammara Costa,733-907-195
Susie Gould,232-926-960
Verity Duran,362-165-570
Zakir Hodson,737-670-674
Alton Kaur,507-352-444
Jagdeep Mcclure,355-412-330
Marcia Young,544-190-773
Elen Ali,531-256-312
Patrick Coffey,675-244-306
Kurt Bowes,695-270-950
Mujtaba Snyder,575-751-430
Dario Steadman,636-505-651
Gia Decker,261-791-830
Jayce Beck,354-709-113
Amelia-Mae Randall,119-128-463
Sonny Armitage,801-980-447
Atlanta Russell,988-801-996
Jimi Almond,145-403-171
Seb Rodrigues,507-369-638
Zakir Norman,294-440-645
Hetty Corrigan,501-127-297
Beck Mcgowan,575-556-688
Raul Franco,812-945-709
Joni Best,340-430-338
Lilah Mcgregor,408-422-186
Ephraim Harper,417-347-884
Anisa Andersen,670-859-961
Shayla Talley,953-662-135
Sahara Mcnally,769-825-410
Marwah Schroeder,169-186-460
Kaja Magana,941-834-893
Clay Bowers,563-353-462
Jensen Lawrence,257-872-641
Megan Briggs,910-216-789
Kaitlyn Salazar,265-303-755
Danny Rich,682-929-814
Tobias Mclean,380-486-197
Amandeep Mcfadden,485-546-371
Gemma Wainwright,523-285-796
Antonio Pittman,417-108-634
Paloma Atherton,243-505-823
Remi Evans,342-130-924
Lucien Buckner,390-234-418
Boyd Conroy,905-105-991
Rihanna Burgess,414-779-622
Zakariah Hollis,879-974-154
Angelo Woolley,990-647-373
Cohan Eastwood,117-776-875
Inez Mackay,242-514-847
Noa Lovell,311-301-441
Eve Mill,225-470-509
Tiago Dale,904-361-579
Aroush Healy,921-897-736
Elinor Lynch,873-512-244
Kendall Silva,742-247-394
Hamid Wagstaff,556-836-901
Beau Ventura,877-503-406
Alfred Samuels,161-644-652
Samina Kerr,282-297-824
Kirstie Rosa,615-409-499
Noah Smith,991-795-984
Esmee Walsh,270-733-179
Ellie-Mai Truong,267-971-788
Yusha Peters,829-371-255
Siddharth Hackett,743-733-207
Killian Bryant,227-137-469
Nancy Swanson,211-275-704
Priya Nichols,442-343-600
Callan Bautista,452-778-373
Haaris Mendoza,491-619-120
Kris Pacheco,435-499-843
Aayan Mclaughlin,382-324-638
Rodrigo Burch,499-358-687
Jodi Goodman,407-421-994
Kellan Webb,566-862-664
Alexa Davie,896-420-338
Samiya Ibarra,379-690-560
Indiana Greenaway,990-726-516
Ayaan Dunne,892-749-294
Hendrix Cantrell,609-916-956
Zayn Hilton,819-886-976
Ethel Riley,411-957-782
Cindy Butler,680-995-367
Lizzie Traynor,859-353-612
Buddy Rangel,885-952-990
Zack Draper,856-341-262
Maia Stout,378-975-856
Peggy Weiss,532-431-435
Dina Pearson,530-281-208
Talha Burnett,614-776-153
Daisie Lord,286-418-165
Tobi Delarosa,686-462-433
Harleen Bonner,171-814-234
Miya Barry,381-426-436
Mahad Mcfarlane,834-425-834
Domonic Benitez,636-766-718
Bobbie Zuniga,208-340-740
Roberto Bradford,204-737-262
Lisa Melia,568-647-959
Kaidan Bennett,378-184-906
Gruffydd Willis,760-102-592
Lexie Brook,524-834-832
Jaya Alston,264-351-265
Jerome Sloan,594-900-630
Josie White,411-505-972
Ayisha Holding,819-977-177
Jamel Wu,209-360-982
Sid Irwin,447-101-680
Bridget Crawford,618-726-611
Mimi Howard,842-459-407
Sue Roche,141-816-929
Yasmine Yates,630-778-553
Cheyenne Sosa,963-684-264
Saima Jaramillo,393-230-282
Alison Snyder,446-619-292
Trixie Sparks,567-105-743
Vikram Stephens,584-685-830
Diane Hawkins,322-452-685
Marwah Franklin,717-841-104
Davey Aguirre,615-673-249
Miranda Akhtar,400-677-232
Jeffery Forbes,764-810-254
Callum Sheppard,267-309-149
Jayde Owen,952-809-752
Dhruv Huerta,542-779-302
Radhika Griffiths,616-438-233
Mica Bowman,430-605-994
Carrie Cain,196-463-509
Graham Justice,543-182-115
Cassia Lord,839-669-680
Elen Moon,731-227-530
Mahira Foley,937-527-488
Louisa Howell,595-438-646
Dilara Harvey,806-353-273
Aliesha Berg,359-719-504
Genevieve Jefferson,461-500-523
Jorge Wood,100-694-505
Braxton Blankenship,409-167-389
Esmai Perry,190-882-268
Hina Hines,925-819-164
Benn Glenn,899-108-748
Leonard Mcfarland,566-308-381
Suzanne Craft,958-393-512
Humzah Keith,980-718-964
Oskar Francis,377-377-457
Annabell Bowers,229-378-213
Jemma Meyers,900-372-804
Sabrina Rosa,285-886-403
Selena Hulme,243-982-332
Ravinder Gallegos,516-483-828
Shanice Rigby,989-494-183
Khia Beach,663-895-611
Vikki Wu,342-203-114
Larry Skinner,756-505-914
Tariq Durham,475-805-353
Karen Peck,681-922-424
Alma Delaney,146-719-122
Brielle Floyd,333-916-790
Niyah Holden,741-491-703
Kathleen Connor,724-747-973
Judah Stevenson,426-306-691
Ruby-Mae Christensen,633-329-512
Montana Freeman,755-932-890
Romario Lin,319-313-409
Shayan Webb,404-142-107
Eduard Humphrey,769-876-694
Scarlett Mcgill,849-949-914
Tasnim Gay,485-190-724
Nisha Huang,890-269-384
Nathan Love,544-723-370
Polly Arnold,312-106-678
Madeleine Peralta,428-279-265
Dixie Kemp,951-443-929
Kylie Brown,658-962-536
Ubaid Maxwell,751-650-262
Bianca Archer,647-558-448
Eliana Paterson,430-725-738
Affan Mack,857-668-580
Amelia-Grace Adams,853-474-881
Charli Southern,687-200-472
Neive East,378-340-882
Shantelle Dunn,915-775-830
Elize Marriott,988-270-893
Josef Cope,709-184-843
Zakariah Xiong,316-367-621
Leyton Ireland,848-711-106
Malakai Felix,863-244-419
Umer Harris,716-913-488
Niamh Stanley,324-660-150
Annette Shepherd,920-664-604
Isaak Timms,516-410-638
Oakley Sawyer,459-724-291
Ernest Donovan,990-683-502
Ameerah Dupont,650-148-575
Seb Barry,519-554-301
Ethel Bowler,756-856-826
Yazmin Edge,582-510-261
Bertha Byrne,536-687-613
Carrie-Ann Monroe,483-463-633
Ada Legge,378-849-646
Fahima Dunkley,162-800-920
Jai Quinn,306-441-624
Lewys Baird,877-301-889
Ayyub Adkins,796-702-716
Giles Collins,462-890-243
Danika Newman,929-796-227
Abdur-Rahman Ho,339-616-388
Sohail Irving,234-523-743
Ahyan Betts,797-412-632
Leopold Browning,281-353-762
Zak Beil,859-474-436
Stacie Valdez,512-813-756
Tiah Edmonds,245-131-481
Brooklyn Lucero,101-909-568
Lucian Gill,635-869-391
Ellesha Lucero,234-989-410
Brooke Kay,874-258-264
Tamanna Ruiz,627-580-775
Anne-Marie Galindo,151-204-887
Charis Mccoy,198-975-301
Aarush Bonilla,771-299-542
Briony Greig,270-300-387
Maximus Hicks,713-241-824
Helena Boyd,762-244-358
Hazel Simons,547-804-458
Danica Walter,156-726-964
Kabir Berger,621-882-504
Poppie Howarth,235-628-484
Cara Ashley,781-531-895
Zofia Conway,128-831-485
Millicent Compton,493-963-718
Humzah Mcghee,265-843-849
Keiren Woodward,474-263-167
Sylvia Todd,984-307-922
Toyah Witt,198-706-326
Ammarah Cooper,349-203-824
Arslan Blackmore,580-400-525
Agata O'Sullivan,119-409-883
Inaya Wagner,754-639-501
Zaine Morris,119-880-929
Shea Atkins,458-420-851
Sianna Storey,130-665-793
Alayah Downes,583-814-773
Nada Mckinney,585-242-291
Christopher Shepard,882-393-135
Rabia Carty,984-624-915
Madihah Bird,663-705-671
Darin Sims,456-227-344
Rian Mckeown,317-431-598
Stefanie Hunter,729-429-890
Aleyna Lancaster,861-277-619
Kenzo Decker,677-796-329
Nazifa Molina,339-964-322
Amalie Peck,212-392-446
Brax Maguire,720-923-469
Cecil Peralta,499-772-354
Mackenzie Tyson,129-789-794
Ritik Bright,701-196-107
Nikita Gutierrez,184-358-639
Kwame Avila,741-534-235
Noa Schneider,493-302-285
Cassidy Whitfield,752-803-356
Devon Ali,153-741-642
Vihaan Wise,668-930-149
Frazer Allan,606-499-806
Hallam Hurley,477-131-389
Brianna Ortega,863-882-674
Mihai Thorne,769-838-796
Ammar Rossi,717-983-945
Francesca Mcdermott,878-878-147
Mahi Bone,667-994-920
Zayaan Savage,389-331-525
Mohammed Lewis,621-204-289
Anna-Marie Coates,499-454-649
Kingsley Flores,559-764-967
Klara Pittman,308-829-606
Fraya Melia,312-836-698
Yassin Hudson,340-504-565
Gregory Fenton,431-479-342
Verity Faulkner,290-108-696
Malcolm Ford,228-678-484
Dhruv Braun,859-674-489
Junayd Powell,638-749-639
Carrie Mackenzie,519-885-344
Gia Milne,858-221-152
Ayva Cooke,963-476-629
Tillie Hale,616-341-401
Zakk Velazquez,515-702-245
Izaak Fletcher,169-336-789
Hussein Hodge,829-541-663
Ebonie Pena,990-897-336
Laurel Buckner,105-135-441
Rochelle Berry,368-186-372
Anaiya Atkinson,276-528-262
Nazia Huynh,497-381-664
Amelia-Grace Travis,218-405-883
Daisy-May Marsden,149-465-401
Kyan Miller,719-810-432
Susie Griffith,815-312-359
Giorgia Rhodes,773-126-989
Aamir Burt,678-112-236
Millie-Rose Cherry,123-445-504
Killian Durham,774-151-752
Georgia Conley,525-119-124
Hakim Greenaway,810-192-180
Axl Tomlinson,925-941-672
Ivor Lake,324-510-757
Kit Mullen,975-451-194
Zacharia Blair,630-219-519
Kairo Rojas,967-787-199
Imaan Alcock,442-815-564
Everett Clegg,683-398-943
Tania Wong,838-772-586
Zoya Mill,763-320-849
Rares Michael,729-532-796
Hanna Villalobos,599-298-943
Eleanor Tang,560-727-662
Deon Blackmore,696-798-147
Shaunna Hough,699-433-848
Jeremy Iles,113-560-617
Kaycee Ballard,263-963-615
Maude Dennis,663-323-590
Orlaith Mccallum,699-745-208
Javier Rollins,159-283-496
Courtnie Ayala,934-519-540
Miller Finnegan,630-912-714
Jago Gilmour,907-538-264
Zi Williamson,604-614-132
Summer Mercer,514-314-629
Dawood Gould,730-637-762
Kirandeep Reeve,437-136-701
Mattie Mckeown,632-466-415
Stefan Rodriquez,166-365-750
Eli Collier,347-702-508
Jaylen Kaiser,535-536-304
Colin Rahman,103-308-741
Lidia Mills,356-393-198
Imogen Bradley,621-140-997
Kasey Felix,361-172-540
Kia Simmons,123-986-933
Brenna Knox,473-415-768
Uwais Mullen,974-218-659
Cynthia Wooten,548-977-494
Lylah Knight,646-960-450
Moses Yoder,499-185-729
Ansh Landry,495-991-821
Elliott Baird,489-861-440
Roland Krueger,979-891-394
Andrea Mcleod,190-115-924
Kavita Lamb,613-383-203
Grant Obrien,503-416-521
Wilf Richardson,502-543-962
Alastair Horton,284-841-638
Lacey-Mai Bloggs,568-472-219
Rosalind Christensen,580-101-165
Phebe Roberts,653-681-567
Zunaira Southern,357-344-742
Carlie Duncan,825-233-378
Ayah Britton,798-995-620
Emmanuella Lott,755-928-112
Arran Marquez,454-421-896
Fletcher Hancock,157-312-359
Emerson Mendoza,542-276-529
Aman Richards,333-334-715
Leonie Ibarra,618-120-993
Edith Newman,114-520-552
Franklyn Hamilton,231-981-216
Florence Galloway,200-509-849
Omari Bateman,703-302-905
Dafydd Stark,614-826-835
Taryn Cisneros,712-790-349
Brett Arias,957-429-345
Arun Sadler,813-537-864
Kai Sheppard,949-357-685
Remi Lane,261-249-637
Junayd Leech,904-861-861
Ellen Bate,938-235-788
Deanna Palmer,169-472-790
Hallie Carr,109-843-159
Raphael Stanton,183-280-436
Traci Justice,514-531-185
Gracie-Leigh Sawyer,489-179-368
Izzie Zimmerman,155-626-654
Beatrice Velazquez,941-168-828
Mikael Burns,407-165-983
Rhianne Lowe,943-766-981
Chaya Dunne,677-244-445
Angel Dorsey,952-366-201
Rhiann Wilkerson,701-965-136
Jacqueline Conrad,623-786-359
Montel Yates,592-163-971
Amber-Rose Kline,750-132-939
Andreas Livingston,931-117-478
Fahim Chan,302-227-433
Callum Mccann,444-633-824
Piper Marsh,427-199-950
Kierran Galindo,237-879-287
Ian Morales,341-746-609
Yanis Kendall,600-652-912
Alby Alvarado,367-687-464
Brendon Kent,755-813-298
Pranav Bond,145-582-207
Jemma Haynes,855-623-490
Chelsy Reid,468-853-650
Ellouise Pena,238-635-117
Elodie Golden,247-359-517
Micheal Mcclain,946-513-578
Ellesha Odonnell,358-894-724
Aden Simon,530-708-338
Piers Ford,577-816-161
Ariyan Long,372-911-378
Sahil Vaughn,790-584-175
Wilson Henderson,444-321-116
Kamila Vasquez,814-208-502